Month,semaglutide,ozempic,wegovy,saxenda,tirzepatide,mounjaro,glp-1,liraglutide,dulaglutide,trulicity,victoza,glp1,exenatide,lixisenatide,bydureon,rybelsus,orforglipron,byetta,glp1ra,bydureon bcise,adlyxin,retatrutide,ly3437943,glp-1ra,glp,bydureon,semaglutide/ozempic/wegovy/rybelsus,tirzepatide/mounjaro,liraglutide/saxenda/victoza,dulaglutide/trulicity,exenatide/byetta/bydureon,lixisenatide/adlyxin,retatrutide/ly3437943
2013-06,0.01,0,0,0,0,0,3,2,0.01,0,67,5,10,2,14,0.01,0,12,0,0,0,0,0,0,8,14,0.02,0,69,0.01,36,2,0
2013-07,0.01,0.01,0.01,0,0,0,5,2,0.01,0,66,7,8,4,13,0,0,11,0,0.01,0,0,0,1,13,13.01,0.03,0,68,0.01,32.01,4,0
2013-08,0.01,0,0.01,0,0,0.01,3,2,0.01,0,64,5,7,2,12,0.01,0,10,0.01,0,0,0,0,0,8.01,12,0.03,0.01,66,0.01,29,2,0
2013-09,0.01,0,0,0,0.01,0,3,2,0.01,0,70,3,8,3,13,0.01,0,10,0,0,0,0,0,1,7,13,0.02,0.01,72,0.01,31,3,0
2013-10,0.01,0.01,0,0,0,0.01,3,2,0.01,0,84,5,9,2,13,0,0.01,9,0,0,0,1,0,0,8,13,0.02,0.01,86,0.01,31,2,1
2013-11,0.01,0,0,0,0,0,3,2,0.01,0.01,72,5,8,2,13,0,0,9,0.01,0,1,0,0,0,8.01,13,0.01,0,74,0.02,30,3,0
2013-12,0.01,0,0,0,0,0,2,2,0.01,0,65,4,7,2,12,0,0,8,0,0,0,0,0,0,6,12,0.01,0,67,0.01,27,2,0
2014-01,0.01,0,0,0.01,0.01,0,2,2,0.01,0.01,66,4,7,2,15,0,0,9,0.01,0,0,0,1,0,6.01,15,0.01,0.01,68.01,0.02,31,2,1
2014-02,0.01,0,0,0,0.01,0.01,3,2,0.01,0.01,70,5,7,2,15,0,0,9,0,0,1,0,0,0,8,15,0.01,0.02,72,0.02,31,3,0
2014-03,0.01,0,0,0,0,0,3,2,0.01,0.01,69,4,8,1,15,0,0,9,0,0,0,0,0,0,7,15,0.01,0,71,0.02,32,1,0
2014-04,0.01,0,0,0.01,0,0,3,2,0.01,0.01,70,6,8,2,14,0,0,9,0.01,0,0,0,0,0,9.01,14,0.01,0,72.01,0.02,31,2,0
2014-05,0.01,0.01,0,0,0,0,2,2,0.01,0,60,5,8,1,13,0.01,0.01,9,0,0,0,0,0,1,8,13,0.03,0,62,0.01,30,1,0
2014-06,0.01,0,0,0,0,0,3,2,0.01,0.01,63,4,8,1,14,0,0.01,8,0.01,0,0,0,1,0,7.01,14,0.01,0,65,0.02,30,1,1
2014-07,0.01,0,0,0,0,0,2,2,0.01,0.01,60,5,7,2,15,0,0,8,0,0,1,0,0,0,7,15,0.01,0,62,0.02,30,3,0
2014-08,0,0,0.01,0,0,0,2,2,0.01,0.01,59,4,6,1,13,0.01,0,8,0.01,0,0,0,0,0,6.01,13,0.02,0,61,0.02,27,1,0
2014-09,0.01,0,0,0.01,0,0,3,3,1,1,62,5,8,1,15,0,0,8,0,0,0,0,0,0,8,15,0.01,0,65.01,2,31,1,0
2014-10,0.01,0,0,0.01,0,0,3,2,1,1,65,6,8,1,17,0.01,0,7,0,0,0,0,0,0,9,17,0.02,0,67.01,2,32,1,0
2014-11,0.01,0,0,0.01,0.01,0,3,2,0.01,1,61,5,8,2,17,0,0.01,8,0,0,0,0,0,0,8,17,0.01,0.01,63.01,1.01,33,2,0
2014-12,0.01,0,0.01,0.01,0.01,0,2,2,0.01,1,55,4,6,1,15,0,0,7,0,0.01,0,0,0,0,6,15.01,0.02,0.01,57.01,1.01,28.01,1,0
2015-01,0.01,0,0,1,0,0,3,4,1,1,61,5,7,1,16,0.01,0.01,8,0.01,0,1,0,2,0,8.01,16,0.02,0,66,2,31,2,2
2015-02,0.01,0,0,0.01,0,0,2,2,0.01,2,66,6,7,1,17,0,0.01,8,0,0,0,0,0,0,8,17,0.01,0,68.01,2.01,32,1,0
2015-03,0.01,0,0,0.01,0,0,3,3,0.01,2,67,6,8,2,16,0,0,8,0,0.01,0,0,0,0,9,16.01,0.01,0,70.01,2.01,32.01,2,0
2015-04,0.01,0,0,0.01,0,0,3,3,1,2,70,5,8,1,17,0.01,0.01,8,0,0,0,0,0,1,9,17,0.02,0,73.01,3,33,1,0
2015-05,0.01,0,0,1,0,0,3,3,0.01,2,68,6,7,2,16,0.01,0,7,0,0.01,0,2,0,0,9,16.01,0.02,0,72,2.01,30.01,2,2
2015-06,0.01,0,0,1,0,0,3,2,0.01,3,66,5,7,3,18,0,0,8,0,0,1,0,0,1,9,18,0.01,0,69,3.01,33,4,0
2015-07,0.01,0,0,1,0,0,3,5,0.01,3,73,5,7,2,17,0,0,8,0,0,0,0,0,1,9,17,0.01,0,79,3.01,32,2,0
2015-08,0.01,0,0,1,0.01,0,3,3,0.01,3,71,5,6,1,17,0,0,6,0,0,1,0,0,1,9,17,0.01,0.01,75,3.01,29,2,0
2015-09,0.01,0,0,1,0,0,3,3,1,3,75,6,7,2,16,0,0.01,7,0.01,0,0,0,0,0,9.01,16,0.01,0,79,4,30,2,0
2015-10,0.01,0,0,1,0,0,3,3,0.01,5,78,6,7,1,17,0,0,7,0,0,0,0,0,0,9,17,0.01,0,82,5.01,31,1,0
2015-11,0.01,0.01,0,1,0.01,0,3,3,0.01,6,70,6,8,1,16,0.01,0,6,0.01,0.01,0,0,0,1,10.01,16.01,0.03,0.01,74,6.01,30.01,1,0
2015-12,0.01,0.01,0,1,0,0,2,2,1,6,64,4,6,2,16,0,0,6,0,0.01,0,0.01,0,0,6,16.01,0.02,0,67,7,28.01,2,0.01
2016-01,0.01,0,0.01,1,0.01,0.01,2,3,1,4,64,5,7,1,14,0,0.01,6,0,0,1,0,0,0,7,14,0.02,0.02,68,5,27,2,0
2016-02,0.01,0,0,1,0,0,3,3,1,5,65,6,7,1,15,0,0,7,0,0.01,0,0,0,1,10,15.01,0.01,0,69,6,29.01,1,0
2016-03,0.01,0,0,2,0,0,3,3,1,6,85,6,7,2,16,0,0,6,0,0,0,2,0,1,10,16,0.01,0,90,7,29,2,2
2016-04,0.01,0,0,1,0,0.01,3,3,1,6,74,7,7,2,15,0,0,6,0,0,0,2,1,1,11,15,0.01,0.01,78,7,28,2,3
2016-05,0.01,0,0,1,0,0,3,3,1,6,74,7,6,1,15,0,0,5,0,0,0,0,0,0,10,15,0.01,0,78,7,26,1,0
2016-06,0.01,0,0,1,0.01,0.01,3,4,1,6,73,7,6,2,15,0,0.01,6,0,0,0,0,0,0,10,15,0.01,0.02,78,7,27,2,0
2016-07,0.01,0,0,1,0,0.01,3,3,1,5,75,5,5,1,14,0.01,0.01,5,0.01,0.01,4,0,0,1,9.01,14.01,0.02,0.01,79,6,24.01,5,0
2016-08,0.01,0,0,2,0,0,3,3,0.01,6,78,4,7,2,14,0,0,6,0,0,6,0,0,0,7,14,0.01,0,83,6.01,27,8,0
2016-09,0.01,0,0,2,0,0.01,3,3,1,7,69,6,7,2,14,0,0.01,5,0.01,0.01,3,0,0,0,9.01,14.01,0.01,0.01,74,8,26.01,5,0
2016-10,0.01,0.01,0,2,0,0,3,3,1,8,75,6,7,2,15,0,0,6,0.01,0,4,1,0,1,10.01,15,0.02,0,80,9,28,6,1
2016-11,0.01,0,0,2,0,0.01,3,3,1,8,72,7,8,2,15,0,0,5,0,0,4,0,0,0,10,15,0.01,0.01,77,9,28,6,0
2016-12,0.01,0,0,2,0,0,3,2,1,7,63,6,5,1,12,0.01,0,4,0.01,0,2,0,0,1,10.01,12,0.02,0,67,8,21,3,0
2017-01,0.01,0,0,2,0.01,0,3,3,1,10,78,6,6,2,14,0,0,5,0,0.01,4,1,0,0.01,9.01,14.01,0.01,0.01,83,11,25.01,6,1
2017-02,0.01,0,0,2,0,0,3,3,1,10,77,7,7,2,16,0.01,0,6,0,0,6,1,0,0,10,16,0.02,0,82,11,29,8,1
2017-03,0.01,0,0,2,0,0,3,3,1,10,76,7,7,2,15,0,0,6,0.01,0,6,0,0,1,11.01,15,0.01,0,81,11,28,8,0
2017-04,0.01,0.01,0,2,0,0,3,3,1,11,78,7,7,2,14,0,0,6,0,0.01,3,0,0,1,11,14.01,0.02,0,83,12,27.01,5,0
2017-05,0.01,0,0.01,2,0,0,3,3,1,10,76,8,7,2,16,0,0,5,0.01,0.01,2,2,0,1,12.01,16.01,0.02,0,81,11,28.01,4,2
2017-06,0.01,0,0,2,0,0,3,3,1,11,82,7,6,2,16,0,0,5,0.01,0,2,0,2,1,11.01,16,0.01,0,87,12,27,4,2
2017-07,0.01,0.01,0,2,0,0,2,3,1,11,86,6,5,2,15,0,0,5,0.01,0,2,0,0,0,8.01,15,0.02,0,91,12,25,4,0
2017-08,0.01,0,0,3,0,0.01,3,4,1,13,91,6,13,2,16,0,0,6,0.01,0,3,0,0,0,9.01,16,0.01,0.01,98,14,35,5,0
2017-09,0.01,0,0,3,0,0,3,4,1,11,86,6,10,2,15,0.01,0,6,0.01,0,2,1,0,0,9.01,15,0.02,0,93,12,31,4,1
2017-10,0.01,0.01,0.01,3,0,0,3,4,1,13,91,8,9,1,17,0,0,5,0.01,0.01,3,2,1,1,12.01,17.01,0.03,0,98,14,31.01,4,3
2017-11,0.01,0.01,0,3,0,0,3,4,1,12,89,7,8,2,16,0,0,5,0.01,0.01,3,0,0,1,11.01,16.01,0.02,0,96,13,29.01,5,0
2017-12,0.01,0.01,0,3,0,0,2,3,1,12,73,5,6,1,15,0.01,0.01,5,0,0.01,2,0,0,0,7,15.01,0.03,0,79,13,26.01,3,0
2018-01,0.01,0.01,0,3,0,0.01,3,4,1,14,98,7,8,1,19,0,0,5,0.01,0.01,2,0,0,1,11.01,19.01,0.02,0.01,105,15,32.01,3,0
2018-02,0.01,0.01,0,3,0,0,3,4,1,14,94,7,8,2,19,0,0,5,0,1,2,0,0,0,10,20,0.02,0,101,15,33,4,0
2018-03,0.01,0.01,0,3,0,0.01,3,4,1,15,94,8,8,2,21,0,0,6,0,1,3,1,0,2,13,22,0.02,0.01,101,16,36,5,1
2018-04,0.01,0.01,0.01,4,0,0,3,4,1,16,90,9,7,2,21,0,0,5,0.01,1,2,0,0.01,1,13.01,22,0.03,0,98,17,34,4,0.01
2018-05,0.01,1,0,3,0.01,0,3,4,1,15,93,8,7,2,19,0.01,0,5,0,1,0,0,0,1,12,20,1.02,0.01,100,16,32,2,0
2018-06,0.01,1,0,3,0,0.01,3,4,1,16,93,9,7,2,20,0.01,0,5,0,2,3,1,0,0,12,22,1.02,0.01,100,17,34,5,1
2018-07,0.01,1,0.01,4,0,0,3,3,1,15,88,7,6,1,20,0.01,0,5,0.01,2,2,0,2,1,11.01,22,1.03,0,95,16,33,3,2
2018-08,0.01,2,0.01,4,0,0,2,3,1,16,90,7,6,1,18,0,0,4,0.01,2,3,0,0,0,9.01,20,2.02,0,97,17,30,4,0
2018-09,0.01,1,0,5,0,0,3,4,1,15,89,8,7,2,17,0,0,4,0,1,2,0,0,0,11,18,1.01,0,98,16,29,4,0
2018-10,0.01,1,0,4,0.01,0,3,4,1,16,92,8,7,2,17,0,0,4,0,2,2,0,0,0,11,19,1.01,0.01,100,17,30,4,0
2018-11,0.01,2,0,4,0.01,0.01,3,4,1,17,92,9,7,2,17,0,0,4,0.01,1,2,0,0,0,12.01,18,2.01,0.02,100,18,29,4,0
2018-12,0.01,1,0,3,0.01,0,3,3,1,16,81,8,6,1,16,0,0,4,0,2,1,0,0,0,11,18,1.01,0.01,87,17,28,2,0
2019-01,0.01,2,0,4,0.01,0,3,4,1,19,88,8,6,1,17,0,0,4,0,1,2,0,0,0,11,18,2.01,0.01,96,20,28,3,0
2019-02,0.01,2,0.01,4,0.01,0,3,4,1,18,100,9,6,2,17,0.01,0,4,0,1,2,0,1,0,12,18,2.03,0.01,108,19,28,4,1
2019-03,0.01,2,0,4,0.01,0.01,3,4,2,18,89,8,6,1,17,0,0,5,0,1,2,0,0,1,12,18,2.01,0.02,97,20,29,3,0
2019-04,0.01,2,0,4,0.01,0,4,4,1,18,93,9,7,1,16,0,0,5,0,1,3,1,0,1,14,17,2.01,0.01,101,19,29,4,1
2019-05,0.01,3,0,4,0.01,0,3,4,2,19,93,9,6,2,18,0,0.01,4,0,2,2,0,1,1,13,20,3.01,0.01,101,21,30,4,1
2019-06,0.01,3,0.01,4,0.01,0.01,3,4,2,20,86,10,6,1,16,0,0.01,4,0,1,2,0,0,1,14,17,3.02,0.02,94,22,27,3,0
2019-07,0.01,3,0.01,5,0.01,0,3,4,2,19,87,8,6,1,15,0,0,4,0.01,1,2,0,1,0,11.01,16,3.02,0.01,96,21,26,3,1
2019-08,0.01,3,0.01,5,0.01,0,3,4,2,18,85,8,6,2,16,0,0,4,0.01,2,3,0,0,2,13.01,18,3.02,0.01,94,20,28,5,0
2019-09,1,3,0,5,0.01,0.01,4,4,2,18,89,12,7,1,15,3,0,4,0.01,1,2,0,0,1,17.01,16,7,0.02,98,20,27,3,0
2019-10,1,3,0,5,0.01,0,4,4,2,19,86,12,7,1,14,3,0,4,0.01,2,2,0,0,0.01,16.02,16,7,0.01,95,21,27,3,0
2019-11,1,3,0,5,0.01,0,4,4,2,18,82,11,7,1,14,3,0,4,0,1,3,0,0,0.01,15.01,15,7,0.01,91,20,26,4,0
2019-12,1,4,0,5,0.01,0,3,3,2,19,86,10,5,1,13,3,0,4,0.01,1,3,0,0,1,14.01,14,8,0.01,94,21,23,4,0
2020-01,1,5,0,5,0.01,0.01,3,4,2,21,94,9,6,2,16,6,0,4,0.01,1,2,0,0,1,13.01,17,12,0.02,103,23,27,4,0
2020-02,1,4,0,5,0.01,0.01,3,4,2,23,83,12,7,1,16,6,0,4,0,2,1,0,1,1,16,18,11,0.02,92,25,29,2,1
2020-03,0.01,4,0,4,0.01,0.01,3,3,2,17,66,9,6,1,13,5,0.01,3,0.01,1,2,0,0,0,12.01,14,9.01,0.02,73,19,23,3,0
2020-04,0.01,3,0.01,3,0.01,0,3,3,1,14,55,9,5,1,12,5,0,3,0.01,1,2,0,0,1,13.01,13,8.02,0.01,61,15,21,3,0
2020-05,0.01,3,0,4,0.01,0,3,3,2,15,58,10,5,1,11,5,0,3,0,1,2,0,2,1,14,12,8.01,0.01,65,17,20,3,2
2020-06,1,4,0,5,0.01,0,4,4,2,18,74,14,6,1,13,6,0,3,0.01,1,2,0,0,1,19.01,14,11,0.01,83,20,23,3,0
2020-07,1,5,0,5,0.01,0,4,4,2,19,72,13,6,1,14,7,0.01,4,0.01,1,0,0,0,1,18.01,15,13,0.01,81,21,25,1,0
2020-08,1,5,0,6,0.01,0.01,3,4,2,19,74,11,5,1,13,8,0,3,0.01,1,1,0,0,1,15.01,14,14,0.02,84,21,22,2,0
2020-09,1,5,0,6,0.01,0,3,4,2,19,75,14,7,1,15,14,0,3,0,1,1,0,1,0,17,16,20,0.01,85,21,26,2,1
2020-10,1,6,0,6,0.01,0,3,4,2,20,76,12,7,1,14,19,0.01,3,0.01,1,2,0,0,1,16.01,15,26,0.01,86,22,25,3,0
2020-11,1,6,0,6,0.01,0.01,3,4,2,17,72,12,6,1,11,16,0.01,3,0.01,1,0,0.01,0,1,16.01,12,23,0.02,82,19,21,1,0.01
2020-12,1,6,0,5,0.01,0.01,3,3,1,17,62,10,5,1,11,16,0.01,2,0.01,1,1,0,0,1,14.01,12,23,0.02,70,18,19,2,0
2021-01,1,7,0,6,0.01,0.01,3,4,2,21,68,11,6,1,11,16,0,3,0.01,1,1,0,0,1,15.01,12,24,0.02,78,23,21,2,0
2021-02,6,9,0,7,0.01,0,3,5,2,21,77,15,6,1,12,21,0.01,3,0.01,1,2,1,0,0.01,18.02,13,36,0.01,89,23,22,3,1
2021-03,2,9,0,7,0.01,0,4,5,2,24,75,15,6,1,13,18,0,3,0.01,1,1,0,0,1,20.01,14,29,0.01,87,26,23,2,0
2021-04,2,9,0.01,7,0.01,0,3,5,2,23,74,15,6,1,15,19,0,3,0.01,2,0.01,0,0,1,19.01,17,30.01,0.01,86,25,26,1.01,0
2021-05,2,10,0.01,8,0.01,0,4,5,2,25,69,14,5,1,12,18,0,3,0.01,1,1,0,0,1,19.01,13,30.01,0.01,82,27,21,2,0
2021-06,3,12,6,9,0.01,0.01,4,5,2,25,79,15,6,1,11,20,0,3,0.01,1,2,0,1,1,20.01,12,41,0.02,93,27,21,3,1
2021-07,2,12,3,9,0.01,0,4,5,2,25,72,14,5,1,11,19,0,3,0.01,1,1,0,1,1,19.01,12,36,0.01,86,27,20,2,1
2021-08,2,13,3,9,0.01,0.01,4,5,2,25,78,13,5,1,10,18,0,3,0.01,1,2,0,1,1,18.01,11,36,0.02,92,27,19,3,1
2021-09,2,14,2,9,0.01,0,4,4,2,25,72,15,6,1,11,18,0,3,0.01,1,2,0,0,1,20.01,12,36,0.01,85,27,21,3,0
2021-10,2,15,3,9,0.01,0.01,5,4,2,24,68,15,5,1,9,19,0,2,0.01,1,1,0,0.01,2,22.01,10,39,0.02,81,26,17,2,0.01
2021-11,2,16,3,8,0.01,0.01,4,5,2,24,70,15,5,1,8,21,0,3,0.01,1,2,0,0,3,22.01,9,42,0.02,83,26,17,3,0
2021-12,2,14,3,8,0.01,0.01,4,4,2,23,63,14,5,1,7,19,0,2,0.01,1,1,0,0,0,18.01,8,38,0.02,75,25,15,2,0
2022-01,2,18,3,10,0.01,0,6,5,2,27,68,17,5,1,8,21,0,3,0.01,1,2,0,0,1,24.01,9,44,0.01,83,29,17,3,0
2022-02,3,24,4,12,0.01,0.01,6,6,2,30,64,19,7,2,9,24,0,3,0.01,1,1,0,1,0,25.01,10,55,0.02,82,32,20,3,1
2022-03,3,22,4,13,0.01,0,7,7,2,31,68,22,7,1,8,29,0,3,0.01,1,2,0,0.01,2,31.01,9,58,0.01,88,33,19,3,0.01
2022-04,3,23,5,12,1,0,6,6,2,32,59,20,5,1,7,35,0,3,0.01,1,2,1,0,1,27.01,8,66,1,77,34,16,3,1
2022-05,4,28,4,14,2,2,6,7,3,33,62,21,6,1,7,27,0,3,0.01,1,1,0,0,1,28.01,8,63,4,83,36,17,2,0
2022-06,4,30,4,16,6,11,6,7,3,36,70,22,5,1,7,35,0,3,0.01,1,3,0,1,1,29.01,8,73,17,93,39,16,4,1
2022-07,4,29,4,16,1,17,6,6,3,35,64,19,4,1,7,36,0,3,0.01,1,1,1,0,1,26.01,8,73,18,86,38,15,2,1
2022-08,4,32,4,15,1,32,6,6,3,37,67,20,5,1,7,41,0.01,3,0.01,1,1,0.01,1,1,27.01,8,81,33,88,40,16,2,1.01
2022-09,5,33,4,15,2,54,6,7,3,33,66,22,5,2,7,39,0,3,0.01,1,3,1,1,0.01,28.02,8,81,56,88,36,16,5,2
2022-10,8,39,7,16,1,76,8,7,2,36,66,24,5,1,7,45,0.01,4,0.01,1,1,1,0,2,34.01,8,99,77,89,38,17,2,1
2022-11,8,44,7,17,2,82,7,7,3,37,72,26,6,1,7,55,0.01,4,0.01,1,1,0,0,3,36.01,8,114,84,96,40,18,2,0
2022-12,8,44,8,14,1,82,7,6,2,36,67,24,5,1,7,50,0.01,3,0.01,1,2,11,1,2,33.01,8,110,83,87,38,16,3,12
2023-01,13,74,19,18,3,95,10,8,3,45,79,29,6,2,9,71,0.01,4,0.01,1,2,7,1,0.01,39.02,10,177,98,105,48,20,4,8
2023-02,13,73,19,17,3,85,10,8,3,48,83,30,6,2,9,73,0.01,3,0.01,1,3,6,1,2,42.01,10,178,88,108,51,19,5,7
2023-03,18,89,22,17,2,87,12,9,3,44,80,33,6,1,8,78,0.01,3,0.01,1,3,4,1,2,47.01,9,207,89,106,47,18,4,5
2023-04,18,83,22,16,3,100,12,8,3,43,75,32,5,2,7,92,0.01,3,0.01,1,1,3,1,3,47.01,8,215,103,99,46,16,3,4
2023-05,20,88,26,18,3,91,11,8,3,42,87,35,5,2,7,98,0.01,3,0.01,1,1,3,1,2,48.01,8,232,94,113,45,16,3,4
2023-06,20,100,26,18,3,100,11,8,3,40,87,33,5,1,7,100,3,3,0.01,1,1,100,0,1,45.01,8,246,103,113,43,16,2,100