Month,glp1,semaglutide/ozempic/wegovy/rybelsus,liraglutide/saxenda/victoza,dulaglutide/trulicity,orforglipron,exenatide/byetta/bydureon,lixisenatide/adlyxin,tirzepatide/mounjaro,retatrutide/ly3437943
2013-06,8,0.02,69,0.01,0,36,2,0,0
2013-07,13,0.03,68,0.01,0,32.01,4,0,0
2013-08,8.01,0.03,66,0.01,0,29,2,0.01,0
2013-09,7,0.02,72,0.01,0,31,3,0.01,0
2013-10,8,0.02,86,0.01,0.01,31,2,0.01,1
2013-11,8.01,0.01,74,0.02,0,30,3,0,0
2013-12,6,0.01,67,0.01,0,27,2,0,0
2014-01,6.01,0.01,68.01,0.02,0,31,2,0.01,1
2014-02,8,0.01,72,0.02,0,31,3,0.02,0
2014-03,7,0.01,71,0.02,0,32,1,0,0
2014-04,9.01,0.01,72.01,0.02,0,31,2,0,0
2014-05,8,0.03,62,0.01,0.01,30,1,0,0
2014-06,7.01,0.01,65,0.02,0.01,30,1,0,1
2014-07,7,0.01,62,0.02,0,30,3,0,0
2014-08,6.01,0.02,61,0.02,0,27,1,0,0
2014-09,8,0.01,65.01,2,0,31,1,0,0
2014-10,9,0.02,67.01,2,0,32,1,0,0
2014-11,8,0.01,63.01,1.01,0.01,33,2,0.01,0
2014-12,6,0.02,57.01,1.01,0,28.01,1,0.01,0
2015-01,8.01,0.02,66,2,0.01,31,2,0,2
2015-02,8,0.01,68.01,2.01,0.01,32,1,0,0
2015-03,9,0.01,70.01,2.01,0,32.01,2,0,0
2015-04,9,0.02,73.01,3,0.01,33,1,0,0
2015-05,9,0.02,72,2.01,0,30.01,2,0,2
2015-06,9,0.01,69,3.01,0,33,4,0,0
2015-07,9,0.01,79,3.01,0,32,2,0,0
2015-08,9,0.01,75,3.01,0,29,2,0.01,0
2015-09,9.01,0.01,79,4,0.01,30,2,0,0
2015-10,9,0.01,82,5.01,0,31,1,0,0
2015-11,10.01,0.03,74,6.01,0,30.01,1,0.01,0
2015-12,6,0.02,67,7,0,28.01,2,0,0.01
2016-01,7,0.02,68,5,0.01,27,2,0.02,0
2016-02,10,0.01,69,6,0,29.01,1,0,0
2016-03,10,0.01,90,7,0,29,2,0,2
2016-04,11,0.01,78,7,0,28,2,0.01,3
2016-05,10,0.01,78,7,0,26,1,0,0
2016-06,10,0.01,78,7,0.01,27,2,0.02,0
2016-07,9.01,0.02,79,6,0.01,24.01,5,0.01,0
2016-08,7,0.01,83,6.01,0,27,8,0,0
2016-09,9.01,0.01,74,8,0.01,26.01,5,0.01,0
2016-10,10.01,0.02,80,9,0,28,6,0,1
2016-11,10,0.01,77,9,0,28,6,0.01,0
2016-12,10.01,0.02,67,8,0,21,3,0,0
2017-01,9.01,0.01,83,11,0,25.01,6,0.01,1
2017-02,10,0.02,82,11,0,29,8,0,1
2017-03,11.01,0.01,81,11,0,28,8,0,0
2017-04,11,0.02,83,12,0,27.01,5,0,0
2017-05,12.01,0.02,81,11,0,28.01,4,0,2
2017-06,11.01,0.01,87,12,0,27,4,0,2
2017-07,8.01,0.02,91,12,0,25,4,0,0
2017-08,9.01,0.01,98,14,0,35,5,0.01,0
2017-09,9.01,0.02,93,12,0,31,4,0,1
2017-10,12.01,0.03,98,14,0,31.01,4,0,3
2017-11,11.01,0.02,96,13,0,29.01,5,0,0
2017-12,7,0.03,79,13,0.01,26.01,3,0,0
2018-01,11.01,0.02,105,15,0,32.01,3,0.01,0
2018-02,10,0.02,101,15,0,33,4,0,0
2018-03,13,0.02,101,16,0,36,5,0.01,1
2018-04,13.01,0.03,98,17,0,34,4,0,0.01
2018-05,12,1.02,100,16,0,32,2,0.01,0
2018-06,12,1.02,100,17,0,34,5,0.01,1
2018-07,11.01,1.03,95,16,0,33,3,0,2
2018-08,9.01,2.02,97,17,0,30,4,0,0
2018-09,11,1.01,98,16,0,29,4,0,0
2018-10,11,1.01,100,17,0,30,4,0.01,0
2018-11,12.01,2.01,100,18,0,29,4,0.02,0
2018-12,11,1.01,87,17,0,28,2,0.01,0
2019-01,11,2.01,96,20,0,28,3,0.01,0
2019-02,12,2.03,108,19,0,28,4,0.01,1
2019-03,12,2.01,97,20,0,29,3,0.02,0
2019-04,14,2.01,101,19,0,29,4,0.01,1
2019-05,13,3.01,101,21,0.01,30,4,0.01,1
2019-06,14,3.02,94,22,0.01,27,3,0.02,0
2019-07,11.01,3.02,96,21,0,26,3,0.01,1
2019-08,13.01,3.02,94,20,0,28,5,0.01,0
2019-09,17.01,7,98,20,0,27,3,0.02,0
2019-10,16.02,7,95,21,0,27,3,0.01,0
2019-11,15.01,7,91,20,0,26,4,0.01,0
2019-12,14.01,8,94,21,0,23,4,0.01,0
2020-01,13.01,12,103,23,0,27,4,0.02,0
2020-02,16,11,92,25,0,29,2,0.02,1
2020-03,12.01,9.01,73,19,0.01,23,3,0.02,0
2020-04,13.01,8.02,61,15,0,21,3,0.01,0
2020-05,14,8.01,65,17,0,20,3,0.01,2
2020-06,19.01,11,83,20,0,23,3,0.01,0
2020-07,18.01,13,81,21,0.01,25,1,0.01,0
2020-08,15.01,14,84,21,0,22,2,0.02,0
2020-09,17,20,85,21,0,26,2,0.01,1
2020-10,16.01,26,86,22,0.01,25,3,0.01,0
2020-11,16.01,23,82,19,0.01,21,1,0.02,0.01
2020-12,14.01,23,70,18,0.01,19,2,0.02,0
2021-01,15.01,24,78,23,0,21,2,0.02,0
2021-02,18.02,36,89,23,0.01,22,3,0.01,1
2021-03,20.01,29,87,26,0,23,2,0.01,0
2021-04,19.01,30.01,86,25,0,26,1.01,0.01,0
2021-05,19.01,30.01,82,27,0,21,2,0.01,0
2021-06,20.01,41,93,27,0,21,3,0.02,1
2021-07,19.01,36,86,27,0,20,2,0.01,1
2021-08,18.01,36,92,27,0,19,3,0.02,1
2021-09,20.01,36,85,27,0,21,3,0.01,0
2021-10,22.01,39,81,26,0,17,2,0.02,0.01
2021-11,22.01,42,83,26,0,17,3,0.02,0
2021-12,18.01,38,75,25,0,15,2,0.02,0
2022-01,24.01,44,83,29,0,17,3,0.01,0
2022-02,25.01,55,82,32,0,20,3,0.02,1
2022-03,31.01,58,88,33,0,19,3,0.01,0.01
2022-04,27.01,66,77,34,0,16,3,1,1
2022-05,28.01,63,83,36,0,17,2,4,0
2022-06,29.01,73,93,39,0,16,4,17,1
2022-07,26.01,73,86,38,0,15,2,18,1
2022-08,27.01,81,88,40,0.01,16,2,33,1.01
2022-09,28.02,81,88,36,0,16,5,56,2
2022-10,34.01,99,89,38,0.01,17,2,77,1
2022-11,36.01,114,96,40,0.01,18,2,84,0
2022-12,33.01,110,87,38,0.01,16,3,83,12
2023-01,39.02,177,105,48,0.01,20,4,98,8
2023-02,42.01,178,108,51,0.01,19,5,88,7
2023-03,47.01,207,106,47,0.01,18,4,89,5
2023-04,47.01,215,99,46,0.01,16,3,103,4
2023-05,48.01,232,113,45,0.01,16,3,94,4
2023-06,45.01,246,113,43,3,16,2,103,100